glycan;varExplained;SNPs;beta;se;p;chr
IGP2;0.308838382968553;"rs1054218; rs11748193; rs11847263; rs17779281; rs4073416; rs4400971; rs7789913; rs7812088; rs8006608; rs907091";"0.224635; 0.11; 0.250534; 0.307152; 0.359438; -0.453157; -0.1543; -0.2503; 0.902776; -0.1334";"0.0270994; 0.0176432; 0.0209271; 0.0518342; 0.0435127; 0.0427845; 0.0170833; 0.0258461; 0.0617113; 0.0173659";"1.13918e-16; 4.52697e-10; 4.99856e-33; 3.11024e-09; 1.45029e-16; 3.25868e-26; 1.68241e-19; 3.5184e-22; 1.83397e-48; 1.56939e-14";
IGP3;0.0469428178407622;"rs10813951; rs2031902; rs7854765";"0.234858; -0.193536; 0.289304";"0.0205597; 0.019148; 0.0483614";"3.20267e-30; 5.12276e-24; 2.20237e-09";
IGP5;0.0434469264755305;"rs17630758; rs3824459; rs6421315; rs7281587; rs7812088; rs909674";"-0.161; -0.4467; -0.1051; -0.1415; -0.1963; 0.1728";"0.022865; 0.0752834; 0.0178392; 0.0193615; 0.025789; 0.0192965";"1.90401e-12; 2.96395e-09; 3.8268e-09; 2.70471e-13; 2.70386e-14; 3.39829e-19";
IGP6;0.0945033279044733;"rs10148907; rs11557466; rs11651000; rs7789913; rs7812088; rs8006608";"0.311022; 0.13349; 0.153958; -0.1618; -0.198; 0.649381";"0.0198659; 0.0172658; 0.0236611; 0.0170919; 0.0257907; 0.0503847";"3.02017e-55; 1.06289e-14; 7.6758e-11; 2.89477e-21; 1.62626e-14; 5.22879e-38";
IGP7;0.0260806800574812;"rs17303508; rs2534669; rs2834838; rs4074453; rs7865745";"0.0942; -0.1585; 0.1682; -0.1328; 0.1032";"0.0171303; 0.0250629; 0.0308557; 0.0193531; 0.018035";"3.81857e-08; 2.54734e-10; 5.00358e-08; 6.7922e-12; 1.0515e-08";
IGP8;0.0383241624711362;"rs10813950; rs2395488; rs4074453; rs7621161";"0.1202; -0.1161; 0.2151; 0.152";"0.0181476; 0.0189483; 0.0195408; 0.0187743";"3.50834e-11; 8.94374e-10; 3.50743e-28; 5.67221e-16";
IGP9;0.0937585952617811;"rs17630758; rs17660464; rs3848370; rs4561508; rs4821897; rs6570330; rs7257072; rs7789913; rs9640023";"-0.2953; 0.1431; 0.1831; 0.1631; 0.2151; -0.1401; -0.1224; -0.1311; -0.1169";"0.0231226; 0.0248713; 0.0337634; 0.0280585; 0.0199515; 0.0172702; 0.0166525; 0.0171595; 0.0205401";"2.37891e-37; 8.73533e-09; 5.85982e-08; 6.14187e-09; 4.2261e-27; 4.96931e-16; 1.97862e-13; 2.17078e-14; 1.26081e-08";
IGP10;0.0387565715753143;"rs17630758; rs4821897; rs7747738; rs9385856";"-0.2336; 0.1505; 0.3383; -0.1058";"0.0228388; 0.0196734; 0.0619766; 0.0169393";"1.48257e-24; 2.01093e-14; 4.80141e-08; 4.21598e-10";
IGP11;0.076868837925804;"rs11557467; rs11650354; rs11847263; rs1555926; rs2151754; rs6421315; rs8006608";"-0.100515; 0.137668; 0.258605; 0.1177; -0.257049; -0.1197; 0.492673";"0.0172366; 0.02255; 0.0191416; 0.0203392; 0.0333624; 0.0179513; 0.055126";"5.4943e-09; 1.02788e-09; 1.36323e-41; 7.17157e-09; 1.31115e-14; 2.59226e-11; 3.9908e-19";
IGP12;0.0249707663095689;"rs17775791; rs7789913; rs874232";"0.1677; -0.1225; -0.1192";"0.0190898; 0.0170527; 0.0166501";"1.56676e-18; 6.78907e-13; 8.12039e-13";
IGP13;0.0847099756657899;"rs10096810; rs10813951; rs17775791; rs2031902; rs7758383; rs7854765";"-0.1; -0.26741; 0.1923; 0.209795; -0.1252; -0.321073";"0.0171336; 0.0207038; 0.0191167; 0.0192718; 0.016856; 0.0484949";"5.33152e-09; 3.65632e-38; 8.36049e-24; 1.34235e-27; 1.10572e-13; 3.57354e-11";
IGP14;0.0627207152488086;"rs17630758; rs17775791; rs199456; rs4821897; rs6421315; rs6570330; rs6964421; rs741706; rs9319617";"-0.1806; 0.155; 0.1623; 0.1397; -0.1016; -0.1245; 0.1167; 0.1054; 0.1025";"0.0228822; 0.0191759; 0.0217771; 0.0196628; 0.0178366; 0.0172558; 0.0178454; 0.0170397; 0.0169376";"2.95991e-15; 6.31567e-16; 9.13969e-14; 1.20509e-12; 1.22545e-08; 5.39413e-13; 6.17313e-11; 6.18881e-10; 1.43383e-09";
IGP15;0.175017662443694;"rs10937279; rs1122979; rs2745851; rs3099844; rs3129949; rs3777178; rs4074453; rs6764279";"0.183685; 0.2021; 0.0946; -0.368586; 0.198913; -0.1402; 0.1966; -0.44145";"0.0219551; 0.026994; 0.0172305; 0.0381359; 0.0317367; 0.0202574; 0.0193184; 0.0201208";"5.94106e-17; 7.05524e-14; 4.0134e-08; 4.24376e-22; 3.66643e-10; 4.48726e-12; 2.51639e-24; 1.07939e-106";
IGP16;0.0295417962073903;"rs10148907; rs6583437; rs8006608";"0.225677; -0.0954; 0.333846";"0.0195403; 0.0174314; 0.050036";"7.44213e-31; 4.42813e-08; 2.52131e-11";
IGP17;0.087226990232604;"rs10813951; rs2031902; rs250555; rs2725391; rs7621161; rs9987515";"-0.306921; 0.171127; 0.1547; 0.0999; -0.1926; -0.361487";"0.0207556; 0.0190829; 0.0251613; 0.0167351; 0.0186213; 0.0559546";"1.76579e-49; 3.03192e-19; 7.82982e-10; 2.37974e-09; 4.5016e-25; 1.04449e-10";
IGP18;0.0115486672965213;"rs4424066; rs8137426";"-0.1108; 0.1234";"0.0180457; 0.0198491";"8.25417e-10; 5.07006e-10";
IGP19;0.0064212143884928;rs12986368;0.1157;0.017548;4.3e-06;
IGP21;0.0206361147643559;"rs3742597; rs6583437; rs7621161";"0.1531; -0.1246; -0.1102";"0.0191741; 0.0173551; 0.0184395";"1.40851e-15; 7.00019e-13; 2.28277e-09";
IGP22;0.0418483035803952;"rs10813951; rs4649042; rs7621161; rs909674";"-0.1761; -0.1006; -0.179; -0.1859";"0.0190003; 0.0173343; 0.0186052; 0.0192126";"1.89155e-20; 6.49401e-09; 6.52259e-22; 3.81503e-22";
IGP23;0.025550258562023;rs7621161;-0.2524;0.0187142;1.86e-36;
IGP24;0.108879206931894;"rs10813951; rs10937279; rs2183124; rs250555; rs2725391; rs2745851; rs7621161";"-0.21247; 0.168777; 0.178939; 0.1422; 0.1332; 0.1115; -0.377313";"0.0193059; 0.0219068; 0.0326979; 0.0250516; 0.0166633; 0.017243; 0.0203564";"3.59559e-28; 1.31521e-14; 4.43748e-08; 1.37647e-08; 1.31032e-15; 1.00364e-10; 1.06984e-76";
IGP25;0.00713720641989034;rs7621161;-0.1334;0.0185575;6.55e-08;
IGP26;0.0997698288135628;"rs10813951; rs2031902; rs250555; rs2725391; rs7621161; rs7854765";"-0.300175; 0.163959; 0.1547; 0.1131; -0.2811; -0.293865";"0.0207872; 0.0191335; 0.0251613; 0.016645; 0.0187628; 0.0482828";"2.88083e-47; 1.04218e-17; 7.83051e-10; 1.0845e-11; 9.66005e-51; 1.15522e-09";
IGP27;0.0105533394181519;"rs2834845; rs7621161";"0.1195; -0.1182";"0.0198423; 0.0186449";"1.71767e-09; 2.30468e-10";
IGP28;0.137080979582535;"rs13192471; rs2279913; rs2745851; rs3099844; rs3777178; rs4074453; rs6444193; rs7621161; rs7812088";"-0.16707; -0.098; 0.096; -0.217196; -0.1315; 0.1697; 0.187774; -0.433335; 0.1422";"0.029824; 0.0165336; 0.0172315; 0.0307917; 0.0202504; 0.0192878; 0.0211456; 0.0205134; 0.025646";"2.12055e-08; 3.07918e-09; 2.52999e-08; 1.74191e-12; 8.37572e-11; 1.38917e-18; 6.68323e-19; 4.74347e-99; 2.94411e-08";
IGP29;0.193663935051625;"rs10113903; rs10937279; rs17689471; rs2725391; rs2745851; rs481080; rs540719; rs7621161";"-0.1178; 0.247877; -0.117; 0.1318; 0.1064; -0.1397; 0.1263; -0.574688";"0.0180466; 0.022084; 0.0213406; 0.0165619; 0.0172392; 0.0168712; 0.0216457; 0.0211703";"6.68525e-11; 3.09785e-29; 4.19365e-08; 1.74817e-15; 6.74473e-10; 1.22805e-16; 5.38315e-09; 2.82242e-162";
IGP30;0.0367267817982278;"rs17775791; rs4821897; rs7257072; rs9385856";"-0.1943; -0.1896; 0.0961; 0.0976";"0.0191215; 0.0196183; 0.0164324; 0.0168335";"2.94943e-24; 4.27015e-22; 4.96932e-09; 6.71276e-09";
IGP31;0.0673766033675633;"rs10124479; rs2031902; rs2526378; rs2659005; rs7192; rs7621161";"0.181244; -0.134791; 0.0998; -0.1866; 0.1138; 0.2008";"0.0200558; 0.0192336; 0.0170355; 0.0257912; 0.0187498; 0.0186323";"1.61058e-19; 2.41511e-12; 4.67519e-09; 4.65438e-13; 1.28384e-09; 4.42245e-27";
IGP32;0.071849992315278;"rs10937279; rs11215031; rs2161318; rs7621161; rs967367";"0.152547; -0.1596; -0.1129; -0.310191; -0.175051";"0.0220207; 0.0252597; 0.0203368; 0.0217797; 0.0319975";"4.28482e-12; 2.64333e-10; 2.83202e-08; 5.01198e-46; 4.48088e-08";
IGP33;0.010886309722639;"rs1980493; rs7599083";"-0.1443; 0.0984";"0.0242638; 0.0176338";"2.72883e-09; 2.40271e-08";
IGP34;0.0388597241732676;"rs17630758; rs2309748; rs4821897; rs6570330; rs9276726";"-0.1379; 0.1048; 0.226; -0.0991; -0.114";"0.0227476; 0.0177379; 0.0196686; 0.017135; 0.0208526";"1.34288e-09; 3.45749e-09; 1.47385e-30; 7.31751e-09; 4.57871e-08";
IGP35;0.117316172989049;"rs1048775; rs10937279; rs11215031; rs12342831; rs1529869; rs2745851; rs7621161; rs7700895";"-0.1565; -0.176654; 0.1503; 0.1041; 0.0925; -0.1044; 0.407319; 0.1551";"0.0252328; 0.021937; 0.0253526; 0.0187339; 0.0170307; 0.0172378; 0.0204653; 0.0201711";"5.5662e-10; 8.0919e-16; 3.05941e-09; 2.74806e-08; 5.5926e-08; 1.39156e-09; 3.84047e-88; 1.48023e-14";
IGP36;0.0629941244546825;"rs10113903; rs2031902; rs2745851; rs3099844; rs6001585; rs6764279";"0.257652; -0.146132; -0.112; 0.1669; 0.1222; 0.1244";"0.020276; 0.0192494; 0.0172434; 0.0301841; 0.0208426; 0.018149";"5.39095e-37; 3.16154e-14; 8.29022e-11; 3.21326e-08; 4.54629e-09; 7.16293e-12";
IGP37;0.0778960077131948;"rs10113903; rs1122979; rs2031902; rs2745851; rs6764279; rs7192";"0.257917; -0.15; -0.147549; -0.1241; 0.2347; 0.1052";"0.0202753; 0.0269511; 0.0192497; 0.0172535; 0.018279; 0.0189429";"4.53445e-37; 2.61197e-08; 1.78812e-14; 6.35092e-13; 9.80242e-38; 2.79948e-08";
IGP38;0.0790969353197502;"rs10113903; rs1122979; rs2031902; rs2745851; rs6764279; rs7192";"0.261634; -0.1483; -0.149432; -0.1245; 0.2355; 0.1052";"0.0202803; 0.0269499; 0.0192507; 0.0172538; 0.0182801; 0.0189428";"4.44818e-38; 3.7378e-08; 8.332e-15; 5.36242e-13; 5.61975e-38; 2.79929e-08";
IGP39;0.109087815219623;"rs2745851; rs3780486; rs5750830; rs7257072; rs7789913; rs9385856; rs9624334; rs9640023";"-0.1206; 0.2075; 0.3427; -0.1065; -0.1271; -0.1361; -0.2529; -0.1144";"0.0172506; 0.0191413; 0.0199989; 0.0164399; 0.0169565; 0.0168661; 0.0233609; 0.0203389";"2.72853e-12; 2.21456e-27; 8.00642e-66; 9.28616e-11; 6.59597e-14; 7.06127e-16; 2.59877e-27; 1.85847e-08";
IGP40;0.110409704435592;"rs2745851; rs3780486; rs5750830; rs7257072; rs7789913; rs9385856; rs9624334; rs9640023";"-0.123; 0.2144; 0.3437; -0.1057; -0.1306; -0.1298; -0.2542; -0.1144";"0.0172525; 0.0191505; 0.0199998; 0.0164391; 0.0170598; 0.0169601; 0.0234627; 0.0203388";"1.0082e-12; 4.28845e-29; 3.42806e-66; 1.27794e-10; 1.92671e-14; 1.95944e-14; 2.36957e-27; 1.858e-08";
IGP42;0.325615980272308;"rs1054218; rs11651000; rs11748193; rs11847263; rs4073416; rs4400971; rs4902409; rs7789913; rs7812088; rs8006608; rs907091";"0.227554; 0.131702; 0.1095; 0.260189; 0.36759; -0.460672; 0.321439; -0.1585; -0.2486; 0.921647; -0.134922";"0.0271119; 0.0236452; 0.0176429; 0.0209603; 0.0435226; 0.0428178; 0.0518385; 0.017088; 0.0258442; 0.0617361; 0.0173683";"4.73272e-17; 2.5485e-08; 5.41845e-10; 2.21084e-35; 3.01557e-17; 5.38202e-27; 5.61831e-10; 1.76777e-20; 6.63497e-22; 2.13992e-50; 7.95722e-15";
IGP43;0.043743292595081;"rs10813951; rs2031902; rs7854765";"0.218472; -0.1938; 0.280922";"0.0205416; 0.0191527; 0.0483663";"2.03576e-26; 4.56359e-24; 6.31416e-09";
IGP45;0.0502106830010101;"rs1122979; rs17630758; rs3824459; rs6583437; rs7281587; rs909674";"-0.2083; -0.1816; -0.4376; -0.1176; -0.1436; 0.1937";"0.0271999; 0.0228828; 0.0753752; 0.0174476; 0.0193631; 0.019422";"1.88677e-14; 2.08648e-15; 6.41285e-09; 1.58196e-11; 1.20553e-13; 1.9967e-23";
IGP46;0.0940080859758778;"rs10148907; rs11557466; rs11651000; rs7789913; rs7812088; rs8006608";"0.312396; 0.131785; 0.157963; -0.1622; -0.1873; 0.646715";"0.0198688; 0.0172641; 0.0236644; 0.0170924; 0.025781; 0.050381";"1.05232e-55; 2.28526e-14; 2.47033e-11; 2.31919e-21; 3.72914e-13; 1.02424e-37";
IGP47;0.0270659201695709;"rs2063112; rs4074453; rs6764279; rs7281587";"-0.095; -0.1394; -0.1504; 0.1333";"0.0169317; 0.0194583; 0.0182712; 0.0194541";"2.01429e-08; 7.83417e-13; 1.84854e-16; 7.28031e-12";
IGP48;0.0241916771402812;"rs2855804; rs4074453";"-0.1277; 0.2178";"0.0195574; 0.0195441";"6.59914e-11; 7.65767e-29";
IGP49;0.0886483349157599;"rs17630758; rs17660464; rs4561508; rs5750830; rs6570330; rs6964421; rs7257072; rs7789913; rs9319617";"-0.3042; 0.1477; 0.1575; 0.2207; -0.1392; 0.1073; -0.1187; -0.1325; 0.0971";"0.0231361; 0.0249763; 0.0280544; 0.0199594; 0.0173695; 0.0179379; 0.0166493; 0.0171607; 0.0170333";"1.74088e-39; 3.34681e-09; 1.97587e-08; 2.01802e-28; 1.11009e-15; 2.20777e-09; 1.00771e-12; 1.153e-14; 1.19399e-08";
IGP50;0.0288195957313987;"rs17630758; rs4821897; rs9385856";"-0.2368; 0.154; -0.1061";"0.0228432; 0.0196771; 0.0169397";"3.52818e-25; 5.02283e-15; 3.76669e-10";
IGP51;0.0722629529956094;"rs11557467; rs11650354; rs11847263; rs1555926; rs2151754; rs6421315; rs8006608";"-0.0962169; 0.135978; 0.252097; 0.1171; -0.246806; -0.1148; 0.472854";"0.0172334; 0.0225487; 0.0191303; 0.0203387; 0.033363; 0.017947; 0.055109";"2.36192e-08; 1.6354e-09; 1.1769e-39; 8.53768e-09; 1.38671e-13; 1.58872e-10; 9.4585e-18";
IGP52;0.0311249809852891;"rs17776120; rs3795464; rs7789913; rs874232";"0.1698; -0.0965; -0.1167; -0.1156";"0.0262525; 0.0172322; 0.0170476; 0.016647";"9.93336e-11; 2.1437e-08; 7.61907e-12; 3.80593e-12";
IGP53;0.0855755624049162;"rs10096810; rs10813951; rs12341905; rs17775791; rs2031902; rs7758383; rs7854765";"-0.0973; -0.279819; -0.15445; 0.1263; 0.213686; -0.1185; -0.348409";"0.0170316; 0.0207921; 0.0280228; 0.0190495; 0.0192761; 0.0168501; 0.0485581";"1.11065e-08; 2.76434e-41; 3.55643e-08; 3.35436e-11; 1.47459e-28; 2.02714e-12; 7.22552e-13";
IGP54;0.0380190104496811;"rs17630758; rs199456; rs4821897; rs6570330; rs6964421; rs9319617";"-0.1656; 0.1516; 0.1266; -0.1101; 0.1105; 0.1118";"0.0228689; 0.0216668; 0.0196513; 0.0172434; 0.0178406; 0.016945";"4.44517e-13; 2.6174e-12; 1.17672e-10; 1.71325e-10; 5.87603e-10; 4.17218e-11";
IGP55;0.0297863421948255;"rs10096810; rs10511909; rs2183124; rs3824459; rs7812088";"0.0932; -0.189841; -0.225165; -0.528835; -0.1399";"0.0170291; 0.027129; 0.0324609; 0.0755105; 0.0257445";"4.42507e-08; 2.60213e-12; 4.01905e-12; 2.49727e-12; 5.50518e-08";
IGP56;0.00490458600760445;rs1122979;0.1628;0.0271606;2.05e-04;
IGP57;0.071419952942502;"rs10813951; rs17775791; rs2031902; rs7758383; rs7854765";"-0.272025; 0.1255; 0.205577; -0.1161; -0.328938";"0.0207131; 0.0190489; 0.0192681; 0.0168481; 0.0484979";"2.13091e-39; 4.44908e-11; 1.41714e-26; 5.54133e-12; 1.18101e-11";
IGP58;0.115955146729598;"rs11651000; rs11847263; rs2151754; rs4902409; rs7216389; rs761830; rs7789913; rs7812088; rs8006608";"-0.16006; -0.253792; 0.226586; -0.354371; 0.13024; -0.148675; 0.159; 0.1685; -0.65863";"0.0236656; 0.0213608; 0.0350992; 0.0517527; 0.0172622; 0.0202144; 0.017189; 0.025765; 0.0553269";"1.34759e-11; 1.48249e-32; 1.07809e-10; 7.52163e-12; 4.53068e-14; 1.91015e-13; 2.24223e-20; 6.15668e-11; 1.12339e-32";
IGP59;0.126344830329548;"rs1054218; rs11651000; rs11847263; rs1256531; rs17779281; rs7216389; rs7789913; rs7812088; rs8006608";"-0.163361; -0.165264; -0.25205; 0.21927; -0.366902; 0.137441; 0.1708; 0.2081; -0.685619";"0.0202972; 0.0236701; 0.0213224; 0.0335892; 0.0518202; 0.0172696; 0.0171025; 0.0258003; 0.0557869";"8.38472e-16; 2.91086e-12; 3.04461e-32; 6.6656e-11; 1.43844e-12; 1.74049e-15; 1.74015e-23; 7.27548e-16; 1.02557e-34";
IGP60;0.277448390032755;"rs11557466; rs11651000; rs11847263; rs4073416; rs4400971; rs4902409; rs761830; rs7789913; rs7812088; rs8006608";"-0.133186; -0.157059; -0.250174; -0.342596; 0.419701; -0.322244; -0.192472; 0.1566; 0.2041; -0.88091";"0.0172656; 0.0236637; 0.0209458; 0.0441654; 0.0426689; 0.0518411; 0.0271572; 0.0170862; 0.0257967; 0.0615898";"1.21976e-14; 3.19874e-11; 6.98948e-33; 8.6877e-15; 7.85963e-23; 5.1e-10; 1.36721e-12; 4.94025e-20; 2.53562e-15; 2.10051e-46";
IGP61;0.0925464161022092;"rs11557466; rs11847263; rs1555926; rs2151754; rs4902409; rs6583437; rs761830; rs8006608";"-0.1175; -0.230456; -0.1112; 0.206093; -0.296105; 0.1452; -0.152549; -0.618446";"0.0171503; 0.0213266; 0.020235; 0.0350956; 0.0517232; 0.0174739; 0.0200965; 0.0551914";"7.32438e-12; 3.22224e-27; 3.89767e-08; 4.29715e-09; 1.03557e-08; 9.60855e-17; 3.17823e-14; 3.83302e-29";
IGP62;0.075843770052225;"rs11847263; rs17630758; rs2064056; rs6421315; rs8137426; rs9385856";"-0.116; 0.2641; 0.1391; 0.1916; -0.216; 0.1436";"0.0175458; 0.0229786; 0.019658; 0.0179344; 0.0200537; 0.0169734";"3.81049e-11; 1.42593e-30; 1.48392e-12; 1.21737e-26; 4.71536e-27; 2.66684e-17";
IGP63;0.0815954779160278;"rs10758192; rs11847263; rs17630758; rs2064056; rs6421315; rs8137426; rs9385856";"0.1182; -0.1345; 0.2337; 0.1111; 0.1922; -0.2468; 0.1351";"0.0180461; 0.0176619; 0.0230387; 0.0197364; 0.0180348; 0.0202012; 0.0170646";"5.75782e-11; 2.63118e-14; 3.53099e-24; 1.81056e-08; 1.61425e-26; 2.51986e-34; 2.43359e-15";
IGP64;0.0785681517870932;"rs10903118; rs17630758; rs2064056; rs6421315; rs7257072; rs8137426; rs9319617; rs9385856";"-0.0971; 0.2794; 0.1305; 0.1595; 0.1059; -0.2018; -0.0942; 0.1454";"0.0168333; 0.0229997; 0.019751; 0.0178921; 0.0165391; 0.0201339; 0.0169315; 0.0170754";"8.00597e-09; 5.87936e-34; 3.91517e-11; 4.89865e-19; 1.52361e-10; 1.20932e-23; 2.64258e-08; 1.66373e-17";
IGP65;0.0691843061566025;"rs1054218; rs10813951; rs11847263; rs17630758; rs2064056; rs4795400; rs6583437; rs7555518; rs8006608; rs9385856";"-0.131776; -0.1248; -0.125383; 0.1724; 0.1188; -0.0948; 0.1634; -0.1059; -0.380875; 0.0933";"0.0188664; 0.0190496; 0.0192357; 0.0227748; 0.0196421; 0.0172325; 0.0174941; 0.0170405; 0.0519161; 0.0169304";"2.85479e-12; 5.70284e-11; 7.11283e-11; 3.73863e-14; 1.46435e-09; 3.77141e-08; 9.60716e-21; 5.14558e-10; 2.195e-13; 3.57184e-08";
IGP66;0.0881295274136931;"rs10903118; rs17630758; rs2064056; rs5750830; rs6421315; rs7257072; rs9385856";"0.0922; -0.3084; -0.1404; 0.2617; -0.1587; -0.0943; -0.1478";"0.0168299; 0.0230442; 0.0197592; 0.0199269; 0.0178912; 0.0165308; 0.017078";"4.29316e-08; 7.60449e-41; 1.19857e-12; 2.1306e-39; 7.29456e-19; 1.16683e-08; 4.9544e-18";
IGP67;0.0918569799082319;"rs10124479; rs17630758; rs2064056; rs4821897; rs6421315; rs6964421; rs9385856";"-0.1283; -0.277; -0.1121; 0.2927; -0.1728; 0.1062; -0.1424";"0.0181545; 0.0230952; 0.0198371; 0.0200842; 0.018008; 0.0179371; 0.0170716";"1.58195e-12; 3.82678e-33; 1.59485e-08; 4.13423e-48; 8.33007e-22; 3.20623e-09; 7.34442e-17";
IGP68;0.0915597641315642;"rs10903118; rs17630758; rs17660464; rs2064056; rs4807942; rs5750830; rs6421315; rs7257072; rs9319617; rs9385856";"0.0973; -0.2901; 0.1434; -0.1244; -0.1535; 0.2142; -0.1318; -0.1104; 0.1032; -0.142";"0.0168332; 0.0231152; 0.0248718; 0.019746; 0.0271572; 0.0199506; 0.0179624; 0.0166426; 0.0169378; 0.0170715";"7.45983e-09; 3.96503e-36; 8.13868e-09; 2.97618e-10; 1.58346e-08; 6.85863e-27; 2.17513e-13; 3.27677e-11; 1.10892e-09; 8.94829e-17";
IGP69;0.066165215980279;"rs10813951; rs10903118; rs17630758; rs311437; rs6583437; rs7281587; rs909674; rs9385856";"0.1768; 0.115177; -0.2477; 0.123359; -0.1121; -0.1208; 0.1637; -0.1127";"0.0191005; 0.0168582; 0.0229562; 0.0224547; 0.0174433; 0.0193444; 0.0192863; 0.0170448";"2.11603e-20; 8.36657e-12; 3.83357e-27; 3.93669e-08; 1.30532e-10; 4.24587e-10; 2.10428e-17; 3.79189e-11";
IGP70;0.087909774886934;"rs10903118; rs17630758; rs2064056; rs5750830; rs6421315; rs7257072; rs9385856";"0.0925; -0.3029; -0.1421; 0.254; -0.168; -0.0938; -0.151";"0.0168301; 0.0230356; 0.0197608; 0.0199137; 0.0179025; 0.0165305; 0.0169811";"3.88288e-08; 1.7198e-39; 6.4313e-13; 2.92281e-37; 6.34124e-21; 1.39207e-08; 5.98839e-19";
IGP71;0.0880715025169535;"rs10903118; rs17630758; rs2064056; rs5750830; rs6421315; rs7257072; rs9385856";"0.0923; -0.3039; -0.1424; 0.2549; -0.1683; -0.0941; -0.1493";"0.01683; 0.0230372; 0.019761; 0.0199153; 0.0179029; 0.0165307; 0.0169792";"4.15207e-08; 9.79385e-40; 5.75777e-13; 1.65582e-37; 5.41822e-21; 1.25236e-08; 1.4549e-18";
IGP72;0.0863285720902064;"rs17630758; rs2064056; rs311438; rs6583437; rs7257072; rs8137426; rs9385856";"0.2982; 0.14; -0.1571; 0.1673; 0.0973; -0.2571; 0.1424";"0.0230276; 0.0197588; 0.0285505; 0.0174979; 0.0165328; 0.0202193; 0.0170722";"2.36021e-38; 1.38596e-12; 3.74369e-08; 1.16479e-21; 3.97414e-09; 4.8444e-37; 7.36261e-17";
IGP73;0.0311683131819967;"rs17776120; rs3795464; rs7789913; rs874232";"0.1671; -0.0986; -0.1206; -0.1141";"0.0262474; 0.0172336; 0.0170509; 0.0166457";"1.93592e-10; 1.05669e-08; 1.51684e-12; 7.15011e-12";
IGP74;0.0680713692672527;"rs10813951; rs10903118; rs17630758; rs311437; rs6583437; rs7281587; rs909674; rs9385856";"0.1753; 0.11817; -0.2443; 0.127877; -0.1263; -0.1267; 0.1573; -0.117";"0.0190989; 0.0168609; 0.0229521; 0.0223577; 0.0174553; 0.019349; 0.0192797; 0.0169482";"4.36906e-20; 2.40825e-12; 1.86136e-26; 1.0677e-08; 4.63436e-13; 5.82568e-11; 3.38207e-16; 5.07717e-12";
IGP75;0.0684799035288188;"rs10813951; rs10903118; rs17630758; rs311437; rs6583437; rs7281587; rs909674; rs9385856";"0.1759; 0.117977; -0.2457; 0.127585; -0.1272; -0.1271; 0.1583; -0.1164";"0.0190996; 0.0168607; 0.0229539; 0.0223575; 0.0174561; 0.0193493; 0.0192807; 0.0169477";"3.2722e-20; 2.61205e-12; 9.73885e-27; 1.15252e-08; 3.17324e-13; 5.07551e-11; 2.20664e-16; 6.50141e-12";
IGP76;0.0673222041789232;"rs10813951; rs10903118; rs17630758; rs311437; rs6583437; rs7281587; rs8137426; rs9385856";"-0.1808; -0.111819; 0.2365; -0.130038; 0.1433; 0.1259; -0.1556; 0.1015";"0.0191055; 0.0168556; 0.0229427; 0.0223592; 0.0174718; 0.0193485; 0.0199787; 0.016936";"2.98564e-21; 3.26802e-11; 6.46278e-25; 6.03182e-09; 2.3683e-16; 7.66788e-11; 6.79114e-15; 2.05829e-09";
IGP77;0.031866155692005;"rs10096810; rs10813951; rs12986368; rs4902393; rs6583437";"0.1099; 0.1063; 0.122; 0.132; -0.117";"0.0170409; 0.0190356; 0.0176523; 0.0174629; 0.0174475";"1.12456e-10; 2.34686e-08; 4.80313e-12; 4.06572e-14; 2.00282e-11";
